Category,BaseType,DropLevelStart,DropLevelEnd,AreaLevelStart,AreaLevelEnd,Rarity (1-6),Usefulness (1-6),Normal-Tier,Magic-Tier,Rare-Tier
Belts,Chain Belt,1,2,,,,,,,
Belts,Rustic Sash,2,9,,,,,,,
Belts,Heavy Belt,9,10,,,,,,,
Belts,Leather Belt,10,19,,,,,,,
Belts,Cloth Belt,19,20,,,,,,,
Belts,Studded Belt,20,65,,,,,,,
Body Armor,Plate Vest,1,1,,,,,,,
Body Armor,Shabby Jerkin,2,2,,,,,,,
Body Armor,Simple Robe,3,3,,,,,,,
Body Armor,Scale Vest,3,4,,,,,,,
Body Armor,Chainmail Vest,3,4,,,,,,,
Body Armor,Padded Vest,4,5,,,,,,,
Body Armor,Chestplate,6,7,,,,,,,
Body Armor,Light Brigandine,7,8,,,,,,,
Body Armor,Chainmail Tunic,8,8,,,,,,,
Body Armor,Strapped Leather,8,9,,,,,,,
Body Armor,Oiled Vest,9,10,,,,,,,
Body Armor,Silken Vest,11,16,,,,,,,
Body Armor,Copper Plate,16,17,,,,,,,
Body Armor,Buckskin Tunic,16,17,,,,,,,
Body Armor,Scale Doublet,16,17,,,,,,,
Body Armor,Ringmail Coat,17,17,,,,,,,
Body Armor,Scholar's Robe,17,18,,,,,,,
Body Armor,Padded Jacket,18,20,,,,,,,
Body Armor,War Plate,20,21,,,,,,,
Body Armor,Infantry Brigandine,20,21,,,,,,,
Body Armor,Chainmail Doublet,21,21,,,,,,,
Body Armor,Oiled Coat,22,24,,,,,,,
Body Armor,Wild Leather,24,25,,,,,,,
Body Armor,Silken Garb,25,27,,,,,,,
Body Armor,Full Plate,27,28,,,,,,,
Body Armor,Full Leather,27,28,,,,,,,
Body Armor,Mage's Vestment,27,28,,,,,,,
Body Armor,Full Scale Armour,27,28,,,,,,,
Body Armor,Full Ringmail,27,28,,,,,,,
Body Armor,Scarlet Raiment,28,31,,,,,,,
Body Armor,Arena Plate,31,32,,,,,,,
Body Armor,Sun Leather,31,32,,,,,,,
Body Armor,Silk Robe,31,32,,,,,,,
Body Armor,Soldier's Brigandine,31,32,,,,,,,
Body Armor,Full Chainmail,31,32,,,,,,,
Body Armor,Waxed Garb,32,34,,,,,,,
Body Armor,Lordly Plate,34,35,,,,,,,
Body Armor,Thief's Garb,34,35,,,,,,,
Body Armor,Cabalist Regalia,34,35,,,,,,,
Body Armor,Field Lamellar,34,35,,,,,,,
Body Armor,Holy Chainmail,34,35,,,,,,,
Body Armor,Bone Armour,35,36,,,,,,,
Body Armor,Bronze Plate,36,37,,,,,,,
Body Armor,Eelskin Tunic,36,37,,,,,,,
Body Armor,Sage's Robe,37,37,,,,,,,
Body Armor,Wyrmscale Doublet,38,38,,,,,,,
Body Armor,Latticed Ringmail,39,39,,,,,,,
Body Armor,Quilted Jacket,40,40,,,,,,,
Body Armor,Battle Plate,40,41,,,,,,,
Body Armor,Frontier Leather,40,41,,,,,,,
Body Armor,Silken Wrap,41,41,,,,,,,
Body Armor,Hussar Brigandine,42,42,,,,,,,
Body Armor,Crusader Chainmail,43,43,,,,,,,
Body Armor,Sleek Coat,44,44,,,,,,,
Body Armor,Sun Plate,44,45,,,,,,,
Body Armor,Glorious Leather,44,45,,,,,,,
Body Armor,Conjurer's Vestment,45,45,,,,,,,
Body Armor,Full Wyrmscale,46,46,,,,,,,
Body Armor,Ornate Ringmail,47,47,,,,,,,
Body Armor,Crimson Raiment,48,48,,,,,,,
Body Armor,Colosseum Plate,48,49,,,,,,,
Body Armor,Coronal Leather,48,49,,,,,,,
Body Armor,Spidersilk Robe,49,49,,,,,,,
Body Armor,Commander's Brigandine,50,50,,,,,,,
Body Armor,Chain Hauberk,51,51,,,,,,,
Body Armor,Lacquered Garb,52,52,,,,,,,
Body Armor,Majestic Plate,52,53,,,,,,,
Body Armor,Cutthroat's Garb,52,53,,,,,,,
Body Armor,Destroyer Regalia,53,53,,,,,,,
Body Armor,Battle Lamellar,54,54,,,,,,,
Body Armor,Devout Chainmail,55,55,,,,,,,
Body Armor,Golden Plate,55,56,,,,,,,
Body Armor,Sharkskin Tunic,55,56,,,,,,,
Body Armor,Savant's Robe,55,56,,,,,,,
Body Armor,Crypt Armour,56,56,,,,,,,
Body Armor,Dragonscale Doublet,57,57,,,,,,,
Body Armor,Loricated Ringmail,58,58,,,,,,,
Body Armor,Crusader Plate,58,59,,,,,,,
Body Armor,Destiny Leather,58,59,,,,,,,
Body Armor,Necromancer Silks,58,59,,,,,,,
Body Armor,Sentinel Jacket,59,59,,,,,,,
Body Armor,Desert Brigandine,60,60,,,,,,,
Body Armor,Conquest Chainmail,61,61,,,,,,,
Body Armor,Astral Plate,61,62,,,,,,,
Body Armor,Exquisite Leather,61,62,,,,,,,
Body Armor,Occultist's Vestment,61,62,,,,,,,
Body Armor,Varnished Coat,62,62,,,,,,,
Body Armor,Full Dragonscale,63,63,,,,,,,
Body Armor,Elegant Ringmail,64,65,,,,,,,
Boots,Iron Greaves,1,2,,,,,,,
Boots,Rawhide Boots,2,3,,,,,,,
Boots,Wool Shoes,3,4,,,,,,,
Boots,Chain Boots,5,5,,,,,,,
Boots,Leatherscale Boots,5,6,,,,,,,
Boots,Wrapped Boots,6,8,,,,,,,
Boots,Steel Greaves,8,9,,,,,,,
Boots,Velvet Slippers,9,11,,,,,,,
Boots,Goathide Boots,12,12,,,,,,,
Boots,Ringmail Boots,13,15,,,,,,,
Boots,Strapped Boots,16,17,,,,,,,
Boots,Ironscale Boots,18,21,,,,,,,
Boots,Deerskin Boots,21,22,,,,,,,
Boots,Silk Slippers,22,22,,,,,,,
Boots,Plated Greaves,23,26,,,,,,,
Boots,Clasped Boots,27,27,,,,,,,
Boots,Mesh Boots,28,29,,,,,,,
Boots,Bronzescale Boots,30,31,,,,,,,
Boots,Scholar Boots,32,32,,,,,,,
Boots,Reinforced Greaves,33,33,,,,,,,
Boots,Nubuck Boots,33,34,,,,,,,
Boots,Shackled Boots,34,35,,,,,,,
Boots,Steelscale Boots,35,36,,,,,,,
Boots,Riveted Boots,36,36,,,,,,,
Boots,Antique Greaves,37,37,,,,,,,
Boots,Satin Slippers,38,38,,,,,,,
Boots,Eelskin Boots,39,39,,,,,,,
Boots,Zealot Boots,40,40,,,,,,,
Boots,Trapper Boots,41,41,,,,,,,
Boots,Serpentscale Boots,42,43,,,,,,,
Boots,Sharkskin Boots,43,44,,,,,,,
Boots,Samite Slippers,44,45,,,,,,,
Boots,Ancient Greaves,46,46,,,,,,,
Boots,Ambush Boots,47,48,,,,,,,
Boots,Soldier Boots,49,50,,,,,,,
Boots,Wyrmscale Boots,51,52,,,,,,,
Boots,Conjurer Boots,53,53,,,,,,,
Boots,Goliath Greaves,54,54,,,,,,,
Boots,Shagreen Boots,54,55,,,,,,,
Boots,Carnal Boots,55,57,,,,,,,
Boots,Legion Boots,58,58,,,,,,,
Boots,Hydrascale Boots,59,60,,,,,,,
Boots,Arcanist Slippers,61,61,,,,,,,
Boots,Vaal Greaves,61,62,,,,,,,
Boots,Stealth Boots,62,62,,,,,,,
Boots,Assassin's Boots,63,63,,,,,,,
Boots,Crusader Boots,64,65,,,,,,,
Gloves,Iron Gauntlets,1,2,,,,,,,
Gloves,Rawhide Gloves,2,3,,,,,,,
Gloves,Wool Gloves,3,3,,,,,,,
Gloves,Fishscale Gauntlets,4,4,,,,,,,
Gloves,Wrapped Mitts,5,6,,,,,,,
Gloves,Chain Gloves,7,8,,,,,,,
Gloves,Goathide Gloves,9,10,,,,,,,
Gloves,Plated Gauntlets,11,11,,,,,,,
Gloves,Velvet Gloves,12,14,,,,,,,
Gloves,Ironscale Gauntlets,15,15,,,,,,,
Gloves,Strapped Mitts,16,18,,,,,,,
Gloves,Ringmail Gloves,19,20,,,,,,,
Gloves,Deerskin Gloves,21,22,,,,,,,
Gloves,Bronze Gauntlets,23,24,,,,,,,
Gloves,Silk Gloves,25,26,,,,,,,
Gloves,Bronzescale Gauntlets,27,30,,,,,,,
Gloves,Clasped Mitts,31,31,,,,,,,
Gloves,Mesh Gloves,32,32,,,,,,,
Gloves,Nubuck Gloves,33,34,,,,,,,
Gloves,Steel Gauntlets,35,35,,,,,,,
Gloves,Embroidered Gloves,35,36,,,,,,,
Gloves,Steelscale Gauntlets,35,36,,,,,,,
Gloves,Trapper Mitts,36,36,,,,,,,
Gloves,Riveted Gloves,37,37,,,,,,,
Gloves,Eelskin Gloves,38,38,,,,,,,
Gloves,Antique Gauntlets,39,40,,,,,,,
Gloves,Satin Gloves,41,42,,,,,,,
Gloves,Serpentscale Gauntlets,42,43,,,,,,,
Gloves,Zealot Gloves,43,44,,,,,,,
Gloves,Sharkskin Gloves,44,45,,,,,,,
Gloves,Ambush Mitts,45,46,,,,,,,
Gloves,Ancient Gauntlets,46,47,,,,,,,
Gloves,Samite Gloves,47,48,,,,,,,
Gloves,Wyrmscale Gauntlets,49,49,,,,,,,
Gloves,Carnal Mitts,50,50,,,,,,,
Gloves,Soldier Gloves,51,52,,,,,,,
Gloves,Goliath Gauntlets,53,53,,,,,,,
Gloves,Shagreen Gloves,54,54,,,,,,,
Gloves,Conjurer Gloves,55,56,,,,,,,
Gloves,Legion Gloves,57,57,,,,,,,
Gloves,Assassin's Mitts,58,58,,,,,,,
Gloves,Hydrascale Gauntlets,59,59,,,,,,,
Gloves,Arcanist Gloves,60,61,,,,,,,
Gloves,Stealth Gloves,62,62,,,,,,,
Gloves,Vaal Gauntlets,63,65,,,,,,,
Helmets,Iron Hat,1,2,,,,,,,
Helmets,Leather Cap,2,3,,,,,,,
Helmets,Vine Circlet,3,3,,,,,,,
Helmets,Battered Helm,3,4,,,,,,,
Helmets,Scare Mask,4,4,,,,,,,
Helmets,Rusted Coif,5,6,,,,,,,
Helmets,Cone Helmet,7,7,,,,,,,
Helmets,Iron Circlet,8,9,,,,,,,
Helmets,Tricorne,9,10,,,,,,,
Helmets,Plague Mask,10,11,,,,,,,
Helmets,Soldier Helmet,12,12,,,,,,,
Helmets,Sallet,13,16,,,,,,,
Helmets,Torture Cage,16,17,,,,,,,
Helmets,Iron Mask,17,17,,,,,,,
Helmets,Barbute Helmet,18,19,,,,,,,
Helmets,Leather Hood,20,21,,,,,,,
Helmets,Great Helmet,22,22,,,,,,,
Helmets,Visored Sallet,23,25,,,,,,,
Helmets,Close Helmet,25,26,,,,,,,
Helmets,Tribal Circlet,26,27,,,,,,,
Helmets,Festival Mask,28,29,,,,,,,
Helmets,Wolf Pelt,30,30,,,,,,,
Helmets,Crusader Helmet,31,32,,,,,,,
Helmets,Gilded Sallet,33,33,,,,,,,
Helmets,Bone Circlet,34,34,,,,,,,
Helmets,Gladiator Helmet,34,35,,,,,,,
Helmets,Golden Mask,35,35,,,,,,,
Helmets,Secutor Helm,36,36,,,,,,,
Helmets,Aventail Helmet,37,37,,,,,,,
Helmets,Raven Mask,38,38,,,,,,,
Helmets,Lunaris Circlet,39,39,,,,,,,
Helmets,Reaver Helmet,40,40,,,,,,,
Helmets,Hunter Hood,41,42,,,,,,,
Helmets,Fencer Helm,43,43,,,,,,,
Helmets,Zealot Helmet,44,44,,,,,,,
Helmets,Callous Mask,45,46,,,,,,,
Helmets,Noble Tricorne,47,47,,,,,,,
Helmets,Siege Helmet,47,48,,,,,,,
Helmets,Steel Circlet,48,50,,,,,,,
Helmets,Lacquered Helmet,51,51,,,,,,,
Helmets,Regicide Mask,52,52,,,,,,,
Helmets,Great Crown,53,53,,,,,,,
Helmets,Necromancer Circlet,54,54,,,,,,,
Helmets,Samnite Helmet,54,55,,,,,,,
Helmets,Ursine Pelt,55,56,,,,,,,
Helmets,Harlequin Mask,57,57,,,,,,,
Helmets,Fluted Bascinet,57,58,,,,,,,
Helmets,Magistrate Crown,58,58,,,,,,,
Helmets,Solaris Circlet,59,59,,,,,,,
Helmets,Ezomyte Burgonet,59,60,,,,,,,
Helmets,Silken Hood,60,61,,,,,,,
Helmets,Vaal Mask,62,62,,,,,,,
Helmets,Pig-Faced Bascinet,62,63,,,,,,,
Helmets,Prophet Crown,63,63,,,,,,,
Helmets,Sinner Tricorne,64,65,,,,,,,
Sceptres,Driftwood Sceptre,1,4,,,,,,,
Sceptres,Darkwood Sceptre,5,9,,,,,,,
Sceptres,Bronze Sceptre,10,14,,,,,,,
Sceptres,Quartz Sceptre,15,19,,,,,,,
Sceptres,Iron Sceptre,20,23,,,,,,,
Sceptres,Ochre Sceptre,24,27,,,,,,,
Sceptres,Ritual Sceptre,28,31,,,,,,,
Sceptres,Shadow Sceptre,32,34,,,,,,,
Sceptres,Grinning Fetish,35,35,,,,,,,
Sceptres,Horned Sceptre,36,37,,,,,,,
Sceptres,Sekhem,38,40,,,,,,,
Sceptres,Crystal Sceptre,41,43,,,,,,,
Sceptres,Lead Sceptre,44,46,,,,,,,
Sceptres,Blood Sceptre,47,49,,,,,,,
Sceptres,Royal Sceptre,50,52,,,,,,,
Sceptres,Abyssal Sceptre,53,54,,,,,,,
Sceptres,Stag Sceptre,55,55,,,,,,,
Sceptres,Karui Sceptre,56,57,,,,,,,
Sceptres,Tyrant's Sekhem,58,59,,,,,,,
Sceptres,Opal Sceptre,60,61,,,,,,,
Sceptres,Platinum Sceptre,62,63,,,,,,,
Sceptres,Vaal Sceptre,64,65,,,,,,,
Shields,Splintered Tower Shield,1,1,,,,,,,
Shields,Goathide Buckler,2,2,,,,,,,
Shields,Twig Spirit Shield,3,4,,,,,,,
Shields,Corroded Tower Shield,5,6,,,,,,,
Shields,Rotted Round Shield,5,6,,,,,,,
Shields,Spiked Bundle,5,6,,,,,,,
Shields,Plank Kite Shield,7,7,,,,,,,
Shields,Pine Buckler,8,8,,,,,,,
Shields,Yew Spirit Shield,9,10,,,,,,,
Shields,Rawhide Tower Shield,11,11,,,,,,,
Shields,Fir Round Shield,12,12,,,,,,,
Shields,Driftwood Spiked Shield,12,12,,,,,,,
Shields,Linden Kite Shield,13,14,,,,,,,
Shields,Bone Spirit Shield,15,15,,,,,,,
Shields,Painted Buckler,16,16,,,,,,,
Shields,Cedar Tower Shield,17,19,,,,,,,
Shields,Studded Round Shield,20,20,,,,,,,
Shields,Reinforced Kite Shield,20,20,,,,,,,
Shields,Alloyed Spiked Shield,20,22,,,,,,,
Shields,Hammered Buckler,23,23,,,,,,,
Shields,Tarnished Spirit Shield,23,23,,,,,,,
Shields,Copper Tower Shield,24,26,,,,,,,
Shields,Scarlet Round Shield,27,27,,,,,,,
Shields,Layered Kite Shield,27,27,,,,,,,
Shields,Burnished Spiked Shield,27,27,,,,,,,
Shields,Jingling Spirit Shield,28,28,,,,,,,
Shields,War Buckler,29,29,,,,,,,
Shields,Reinforced Tower Shield,30,32,,,,,,,
Shields,Brass Spirit Shield,33,33,,,,,,,
Shields,Splendid Round Shield,33,33,,,,,,,
Shields,Ornate Spiked Shield,33,33,,,,,,,
Shields,Gilded Buckler,34,34,,,,,,,
Shields,Ceremonial Kite Shield,34,34,,,,,,,
Shields,Painted Tower Shield,35,36,,,,,,,
Shields,Walnut Spirit Shield,37,37,,,,,,,
Shields,Oak Buckler,38,38,,,,,,,
Shields,Buckskin Tower Shield,39,39,,,,,,,
Shields,Maple Round Shield,39,39,,,,,,,
Shields,Redwood Spiked Shield,39,39,,,,,,,
Shields,Etched Kite Shield,40,40,,,,,,,
Shields,Ivory Spirit Shield,41,41,,,,,,,
Shields,Enameled Buckler,42,42,,,,,,,
Shields,Mahogany Tower Shield,43,44,,,,,,,
Shields,Ancient Spirit Shield,45,45,,,,,,,
Shields,Spiked Round Shield,45,45,,,,,,,
Shields,Compound Spiked Shield,45,45,,,,,,,
Shields,Corrugated Buckler,46,46,,,,,,,
Shields,Steel Kite Shield,46,46,,,,,,,
Shields,Bronze Tower Shield,47,48,,,,,,,
Shields,Chiming Spirit Shield,49,49,,,,,,,
Shields,Crimson Round Shield,49,49,,,,,,,
Shields,Polished Spiked Shield,49,49,,,,,,,
Shields,Battle Buckler,50,50,,,,,,,
Shields,Laminated Kite Shield,50,50,,,,,,,
Shields,Girded Tower Shield,51,52,,,,,,,
Shields,Thorium Spirit Shield,53,53,,,,,,,
Shields,Golden Buckler,54,54,,,,,,,
Shields,Baroque Round Shield,54,54,,,,,,,
Shields,Sovereign Spiked Shield,54,54,,,,,,,
Shields,Crested Tower Shield,55,55,,,,,,,
Shields,Angelic Kite Shield,55,55,,,,,,,
Shields,Lacewood Spirit Shield,56,56,,,,,,,
Shields,Ironwood Buckler,57,57,,,,,,,
Shields,Shagreen Tower Shield,58,58,,,,,,,
Shields,Teak Round Shield,58,58,,,,,,,
Shields,Alder Spiked Shield,58,58,,,,,,,
Shields,Fossilised Spirit Shield,59,59,,,,,,,
Shields,Branded Kite Shield,59,59,,,,,,,
Shields,Lacquered Buckler,60,60,,,,,,,
Shields,Ebony Tower Shield,61,61,,,,,,,
Shields,Vaal Spirit Shield,62,62,,,,,,,
Shields,Spiny Round Shield,62,62,,,,,,,
Shields,Champion Kite Shield,62,62,,,,,,,
Shields,Ezomyte Spiked Shield,62,62,,,,,,,
Shields,Vaal Buckler,63,63,,,,,,,
Shields,Ezomyte Tower Shield,64,65,,,,,,,
Life Flasks,Small,,,0,9,,,,,
Life Flasks,Medium,,,0,13,,,,,
Life Flasks,Large,,,0,17,,,,,
Life Flasks,Greater,,,0,19,,,,,
Life Flasks,Grand,,,0,25,,,,,
Life Flasks,Giant,,,0,31,,,,,
Life Flasks,Colossal,,,0,37,,,,,
Life Flasks,Sacred,,,0,43,,,,,
Life Flasks,Hallowed,,,0,51,,,,,
Life Flasks,Sanctified,,,0,60,,,,,
Life Flasks,Divine,,,0,68,,,,,
Life Flasks,Eternal,,,0,68,,,,,
Mana Flasks,Small,,,0,9,,,,,
Mana Flasks,Medium,,,0,13,,,,,
Mana Flasks,Large,,,0,17,,,,,
Mana Flasks,Greater,,,0,19,,,,,
Mana Flasks,Grand,,,0,25,,,,,
Mana Flasks,Giant,,,0,31,,,,,
Mana Flasks,Colossal,,,0,37,,,,,
Mana Flasks,Sacred,,,0,43,,,,,
Mana Flasks,Hallowed,,,0,51,,,,,
Mana Flasks,Sanctified,,,0,60,,,,,
Mana Flasks,Divine,,,0,68,,,,,
Mana Flasks,Eternal,,,0,68,,,,,
Hybrid Flasks,Small,,,0,20,,,,,
Hybrid Flasks,Medium,,,0,30,,,,,
Hybrid Flasks,Large,,,0,40,,,,,
Hybrid Flasks,Colossal,,,0,50,,,,,
Hybrid Flasks,Sacred,,,0,60,,,,,
Hybrid Flasks,Hallowed,,,0,67,,,,,
Utility Flasks,Quicksilver Flask,,,0,69,,,,,
Utility Flasks,Bismuth Flask,,,0,69,,,,,
Utility Flasks,Stibnite Flask,,,0,69,,,,,
Utility Flasks,Amethyst Flask,,,0,69,,,,,
Utility Flasks,Ruby Flask,,,0,69,,,,,
Utility Flasks,Sapphire Flask,,,0,69,,,,,
Utility Flasks,Topaz Flask,,,0,69,,,,,
Utility Flasks,Silver Flask,,,0,69,,,,,
Utility Flasks,Aquamarine Flask,,,0,69,,,,,
Utility Flasks,Granite Flask,,,0,69,,,,,
Utility Flasks,Jade Flask,,,0,69,,,,,
Utility Flasks,Quartz Flask,,,0,69,,,,,
Utility Flasks,Sulphur Flask,,,0,69,,,,,
Utility Flasks,Basalt Flask,,,0,69,,,,,
Utility Flasks,Diamond Flask,,,0,69,,,,,
Utility Flasks,Gold Flask,,,0,69,,,,,
Utility Flasks,Corundum Flask,,,0,69,,,,,
Utility Flasks,Iron Flask,,,0,69,,,,,
Rings,Breach Ring,,,,,,,Mid-Tier 3,Mid-Tier 1,High-Tier 3
Rings,Iron Ring,,,,,,,Low-Tier 3,Low-Tier 3,Low-Tier 3
Rings,Coral Ring,,,,,,,Low-Tier 1,Mid-Tier 2,Mid-Tier 2
Rings,Paua Ring,,,,,,,Low-Tier 1,Mid-Tier 2,Mid-Tier 2
Rings,Sapphire Ring,,,,,,,Low-Tier 1,Mid-Tier 2,Mid-Tier 1
Rings,Topaz Ring,,,,,,,Low-Tier 1,Mid-Tier 2,Mid-Tier 1
Rings,Ruby Ring,,,,,,,Low-Tier 1,Mid-Tier 2,Mid-Tier 1
Rings,Gold Ring,,,,,,,Mid-Tier 3,Mid-Tier 1,High-Tier 3
Rings,Two-Stone Ring,,,,,,,Low-Tier 1,Mid-Tier 2,Mid-Tier 1
Rings,Diamond Ring,,,,,,,Mid-Tier 3,Mid-Tier 1,High-Tier 3
Rings,Moonstone Ring,,,,,,,Low-Tier 1,Mid-Tier 2,Mid-Tier 2
Rings,Prismatic Ring,,,,,,,Low-Tier 1,Mid-Tier 2,Mid-Tier 1
Rings,Bone Ring,,,,,,,Low-Tier 1,Mid-Tier 2,Mid-Tier 2
Rings,Amethyst Ring,,,,,,,Mid-Tier 3,Mid-Tier 1,High-Tier 3
Rings,Unset Ring,,,,,,,Mid-Tier 3,Mid-Tier 1,High-Tier 2
Amulets,Coral Amulet,,,,,,,Low-Tier 2,Low-Tier 2,Low-Tier 2
Amulets,Paua Amulet,,,,,,,Low-Tier 1,Mid-Tier 2,Mid-Tier 2
Amulets,Amber Amulet,,,,,,,Low-Tier 3,Mid-Tier 3,Mid-Tier 2
Amulets,Jade Amulet,,,,,,,Low-Tier 2,Mid-Tier 3,Mid-Tier 3
Amulets,Lapis Amulet,,,,,,,Low-Tier 1,Mid-Tier 2,Mid-Tier 2
Amulets,Gold Amulet,,,,,,,Mid-Tier 3,Mid-Tier 1,High-Tier 3
Amulets,Agate Amulet,,,,,,,Mid-Tier 2,Mid-Tier 1,Mid-Tier 1
Amulets,Citrine Amulet,,,,,,,Mid-Tier 2,Mid-Tier 2,Mid-Tier 2
Amulets,Turquoise Amulet,,,,,,,Mid-Tier 2,Mid-Tier 2,Mid-Tier 2
Amulets,Onyx Amulet,,,,,,,Mid-Tier 3,Mid-Tier 1,Mid-Tier 1
Orbs,Orb of Transmutation,,,,,1,4,,,
Orbs,Orb of Augmentation,,,,,1,3,,,
Orbs,Orb of Alteration,,,,,2,5,,,
Orbs,Orb of Scouring,,,,,4,4,,,
Orbs,Orb of Chance,,,,,2,4,,,
Orbs,Chromatic Orb,,,,,2,3,,,
Orbs,Jeweller's Orb,,,,,2,5,,,
Orbs,Orb of Fusing,,,,,3,6,,,
Orbs,Orb of Alchemy,,,,,4,5,,,
Orbs,Chaos Orb,,,,,4,6,,,
Orbs,Regal Orb,,,,,6,3,,,
Orbs,Exalted Orb,,,,,6,5,,,
Orbs,Vaal Orb,,,,,5,3,,,
Orbs,Orb of Regret,,,,,5,4,,,
Orbs,Orb of Binding,,,,,3,3,,,
Misc Currencies,Scroll of Wisdom,,,,,1,2,,,
Misc Currencies,Portal Scroll,,,,,1,2,,,
Supplies,Armourer's Scrap,,,,,1,3.35,,,
Supplies,Blacksmith's Whetstone,,,,,1,3.45,,,
Supplies,Glassblower's Bauble,,,,,1.5,4,,,
Supplies,Gemcutter's Prism,,,,,2,5,,,
Essences,Whispering Essence of Greed,,,,,2,2,,,
Essences,Muttering Essence of Greed,,,,,3,2,,,
Essences,Weeping Essence of Greed,,,,,4,2,,,
Essences,Wailing Essence of Greed,,,,,5,2,,,
Essences,Screaming Essence of Greed,,,,,6,2,,,
Essences,Whispering Essence of Contempt,,,,,2,4,,,
Essences,Muttering Essence of Contempt,,,,,3,4,,,
Essences,Weeping Essence of Contempt,,,,,4,4,,,
Essences,Wailing Essence of Contempt,,,,,5,4,,,
Essences,Screaming Essence of Contempt,,,,,6,4,,,
Essences,Whispering Essence of Hatred,,,,,2,3,,,
Essences,Muttering Essence of Hatred,,,,,3,3,,,
Essences,Weeping Essence of Hatred,,,,,4,3,,,
Essences,Wailing Essence of Hatred,,,,,5,3,,,
Essences,Screaming Essence of Hatred,,,,,6,3,,,
Essences,Whispering Essence of Woe,,,,,2,2,,,
Essences,Muttering Essence of Woe,,,,,3,2,,,
Essences,Weeping Essence of Woe,,,,,4,2,,,
Essences,Wailing Essence of Woe,,,,,5,2,,,
Essences,Screaming Essence of Woe,,,,,6,2,,,
Essences,Muttering Essence of Fear,,,,,3,1,,,
Essences,Weeping Essence of Fear,,,,,4,1,,,
Essences,Wailing Essence of Fear,,,,,5,1,,,
Essences,Screaming Essence of Fear,,,,,6,1,,,
Essences,Muttering Essence of Anger,,,,,3,2,,,
Essences,Weeping Essence of Anger,,,,,4,2,,,
Essences,Wailing Essence of Anger,,,,,5,2,,,
Essences,Screaming Essence of Anger,,,,,6,2,,,
Essences,Muttering Essence of Torment,,,,,3,4,,,
Essences,Weeping Essence of Torment,,,,,4,4,,,
Essences,Wailing Essence of Torment,,,,,5,4,,,
Essences,Screaming Essence of Torment,,,,,6,4,,,
Essences,Muttering Essence of Sorrow,,,,,3,1,,,
Essences,Weeping Essence of Sorrow,,,,,4,1,,,
Essences,Wailing Essence of Sorrow,,,,,5,1,,,
Essences,Screaming Essence of Sorrow,,,,,6,1,,,
Essences,Weeping Essence of Rage,,,,,4,3,,,
Essences,Wailing Essence of Rage,,,,,5,3,,,
Essences,Screaming Essence of Rage,,,,,6,3,,,
Essences,Weeping Essence of Suffering,,,,,4,1,,,
Essences,Wailing Essence of Suffering,,,,,5,1,,,
Essences,Screaming Essence of Suffering,,,,,6,1,,,
Essences,Weeping Essence of Wrath,,,,,4,4,,,
Essences,Wailing Essence of Wrath,,,,,5,4,,,
Essences,Screaming Essence of Wrath,,,,,6,4,,,
Essences,Weeping Essence of Doubt,,,,,4,1,,,
Essences,Wailing Essence of Doubt,,,,,5,1,,,
Essences,Screaming Essence of Doubt,,,,,6,1,,,
Essences,Wailing Essence of Loathing,,,,,5,5,,,
Essences,Screaming Essence of Loathing,,,,,6,5,,,
Essences,Wailing Essence of Zeal,,,,,5,6,,,
Essences,Screaming Essence of Zeal,,,,,6,6,,,
Essences,Wailing Essence of Anguish,,,,,5,3,,,
Essences,Screaming Essence of Anguish,,,,,6,3,,,
Essences,Wailing Essence of Spite,,,,,5,3,,,
Essences,Screaming Essence of Spite,,,,,6,3,,,
Essences,Screaming Essence of Scorn,,,,,6,4,,,
Essences,Screaming Essence of Envy,,,,,6,1,,,
Essences,Screaming Essence of Misery,,,,,6,4,,,
Essences,Screaming Essence of Dread,,,,,6,1,,,
Gold,Gold,,,,,,,,,
Skill Gems,Portal,,,,,1,4,,,
Skill Gems,Anger,,,,,1,5,,,
Skill Gems,Animate Guardian,,,,,1,3,,,
Skill Gems,Cleave,,,,,1,6,,,
Skill Gems,Decoy Totem,,,,,1,3,,,
Skill Gems,Determination,,,,,1,5,,,
Skill Gems,Devouring Totem,,,,,1,3,,,
Skill Gems,Dominating Blow,,,,,1,5,,,
Skill Gems,Earthquake,,,,,1,6,,,
Skill Gems,Enduring Cry,,,,,1,3,,,
Skill Gems,Holy Flame Totem,,,,,1,3,,,
Skill Gems,Glacial Hammer,,,,,1,6,,,
Skill Gems,Ground Slam,,,,,1,5,,,
Skill Gems,Heavy Strike,,,,,1,5,,,
Skill Gems,Herald of Ash,,,,,1,3,,,
Skill Gems,Ice Crash,,,,,1,6,,,
Skill Gems,Immortal Call,,,,,1,3,,,
Skill Gems,Infernal Blow,,,,,1,6,,,
Skill Gems,Leap Slam,,,,,1,4,,,
Skill Gems,Molten Shell,,,,,1,3,,,
Skill Gems,Molten Strike,,,,,1,5,,,
Skill Gems,Punishment,,,,,1,4,,,
Skill Gems,Purity of Fire,,,,,1,5,,,
Skill Gems,Rallying Cry,,,,,1,3,,,
Skill Gems,Swordstorm,,,,,1,5,,,
Skill Gems,Rejuvenation Totem,,,,,1,3,,,
Skill Gems,Searing Bond,,,,,1,3,,,
Skill Gems,Shield Charge,,,,,1,4,,,
Skill Gems,Shockwave Totem,,,,,1,3,,,
Skill Gems,Static Strike,,,,,1,5,,,
Skill Gems,Summon Flame Golem,,,,,1,3,,,
Skill Gems,Summon Stone Golem,,,,,1,3,,,
Skill Gems,Sunder,,,,,1,6,,,
Skill Gems,Sweep,,,,,1,5,,,
Skill Gems,Crushing Fist,,,,,1,5,,,
Skill Gems,Vigilant Strike,,,,,1,4,,,
Skill Gems,Vitality,,,,,1,3,,,
Skill Gems,Warlord's Mark,,,,,1,4,,,
Skill Gems,Animate Weapon,,,,,1,3,,,
Skill Gems,Arctic Armour,,,,,1,3,,,
Skill Gems,Barrage,,,,,1,5,,,
Skill Gems,Bear Trap,,,,,1,3,,,
Skill Gems,Blade Flurry,,,,,1,5,,,
Skill Gems,Blade Vortex,,,,,1,6,,,
Skill Gems,Bladefall,,,,,1,5,,,
Skill Gems,Blast Rain,,,,,1,5,,,
Skill Gems,Blink Arrow,,,,,1,4,,,
Skill Gems,Blood Rage,,,,,1,3,,,
Skill Gems,Burning Arrow,,,,,1,5,,,
Skill Gems,Caustic Arrow,,,,,1,4,,,
Skill Gems,Cyclone,,,,,1,6,,,
Skill Gems,Desecrate,,,,,1,3,,,
Skill Gems,Detonate Dead,,,,,1,3,,,
Skill Gems,Double Strike,,,,,1,5,,,
Skill Gems,Dual Strike,,,,,1,5,,,
Skill Gems,Elemental Hit,,,,,1,4,,,
Skill Gems,Ethereal Knives,,,,,1,4,,,
Skill Gems,Explosive Arrow,,,,,1,5,,,
Skill Gems,Fire Trap,,,,,1,4,,,
Skill Gems,Flicker Strike,,,,,1,4,,,
Skill Gems,Frenzy,,,,,1,5,,,
Skill Gems,Frost Blades,,,,,1,5,,,
Skill Gems,Grace,,,,,1,5,,,
Skill Gems,Haste,,,,,1,4,,,
Skill Gems,Hatred,,,,,1,3,,,
Skill Gems,Herald of Ice,,,,,1,4,,,
Skill Gems,Ice Shot,,,,,1,5,,,
Skill Gems,Ice Trap,,,,,1,3,,,
Skill Gems,Lacerate,,,,,1,5,,,
Skill Gems,Lightning Arrow,,,,,1,5,,,
Skill Gems,Lightning Strike,,,,,1,6,,,
Skill Gems,Mirror Arrow,,,,,1,4,,,
Skill Gems,Phase Run,,,,,1,4,,,
Skill Gems,Poacher's Mark,,,,,1,4,,,
Skill Gems,Sniper's Mark,,,,,1,4,,,
Skill Gems,Puncture,,,,,1,5,,,
Skill Gems,Purity of Ice,,,,,1,5,,,
Skill Gems,Rain of Arrows,,,,,1,5,,,
Skill Gems,Reave,,,,,1,6,,,
Skill Gems,Glacial Shield Swipe,,,,,1,4,,,
Skill Gems,Galvanic Arrow,,,,,1,5,,,
Skill Gems,Siege Ballista,,,,,1,3,,,
Skill Gems,Smoke Mine,,,,,1,4,,,
Skill Gems,Spectral Shield Throw,,,,,1,4,,,
Skill Gems,Spectral Throw,,,,,1,5,,,
Skill Gems,Split Arrow,,,,,1,5,,,
Skill Gems,Summon Ice Golem,,,,,1,3,,,
Skill Gems,Tectonic Slam,,,,,1,5,,,
Skill Gems,Temporal Chains,,,,,1,4,,,
Skill Gems,Tornado Shot,,,,,1,5,,,
Skill Gems,Viper Strike,,,,,1,5,,,
Skill Gems,Whirling Blades,,,,,1,5,,,
Skill Gems,Wild Strike,,,,,1,6,,,
Skill Gems,Arc,,,,,1,6,,,
Skill Gems,Assassin's Mark,,,,,1,4,,,
Skill Gems,Ball Lightning,,,,,1,4,,,
Skill Gems,Blight,,,,,1,3,,,
Skill Gems,Bodyswap,,,,,1,3,,,
Skill Gems,Bone Offering,,,,,1,3,,,
Skill Gems,Charged Dash,,,,,1,4,,,
Skill Gems,Clarity,,,,,1,5,,,
Skill Gems,Cold Snap,,,,,1,4,,,
Skill Gems,Conductivity,,,,,1,4,,,
Skill Gems,Contagion,,,,,1,4,,,
Skill Gems,Conversion Trap,,,,,1,3,,,
Skill Gems,Convocation,,,,,1,3,,,
Skill Gems,Cremation,,,,,1,4,,,
Skill Gems,Dark Pact,,,,,1,3,,,
Skill Gems,Despair,,,,,1,4,,,
Skill Gems,Detonate Mines,,,,,1,3,,,
Skill Gems,Discharge,,,,,1,4,,,
Skill Gems,Discipline,,,,,1,5,,,
Skill Gems,Elemental Weakness,,,,,1,4,,,
Skill Gems,Enfeeble,,,,,1,4,,,
Skill Gems,Essence Drain,,,,,1,3,,,
Skill Gems,Fireball,,,,,1,4,,,
Skill Gems,Firestorm,,,,,1,5,,,
Skill Gems,Flame Dash,,,,,1,4,,,
Skill Gems,Flame Surge,,,,,1,4,,,
Skill Gems,Flameblast,,,,,1,5,,,
Skill Gems,Flammability,,,,,1,3,,,
Skill Gems,Flesh Offering,,,,,1,3,,,
Skill Gems,Freezing Pulse,,,,,1,5,,,
Skill Gems,Frost Bomb,,,,,1,3,,,
Skill Gems,Frost Wall,,,,,1,3,,,
Skill Gems,Frostbite,,,,,1,4,,,
Skill Gems,Frostbolt,,,,,1,3,,,
Skill Gems,Glacial Cascade,,,,,1,5,,,
Skill Gems,Herald of Thunder,,,,,1,4,,,
Skill Gems,Ice Nova,,,,,1,4,,,
Skill Gems,Ice Spear,,,,,1,4,,,
Skill Gems,Incinerate,,,,,1,4,,,
Skill Gems,Kinetic Blast,,,,,1,4,,,
Skill Gems,Lightning Tendrils,,,,,1,4,,,
Skill Gems,Lightning Trap,,,,,1,4,,,
Skill Gems,Lightning Warp,,,,,1,4,,,
Skill Gems,Rolling Magma,,,,,1,4,,,
Skill Gems,Orb of Storms,,,,,1,3,,,
Skill Gems,Power Siphon,,,,,1,3,,,
Skill Gems,Purity of Elements,,,,,1,5,,,
Skill Gems,Purity of Lightning,,,,,1,5,,,
Skill Gems,Raise Spectre,,,,,1,3,,,
Skill Gems,Raise Zombie,,,,,1,3,,,
Skill Gems,Righteous Fire,,,,,1,5,,,
Skill Gems,Scorching Ray,,,,,1,4,,,
Skill Gems,Shock Nova,,,,,1,4,,,
Skill Gems,Spark,,,,,1,4,,,
Skill Gems,Spirit Offering,,,,,1,3,,,
Skill Gems,Storm Burst,,,,,1,3,,,
Skill Gems,Storm Call,,,,,1,3,,,
Skill Gems,Summon Chaos Golem,,,,,1,3,,,
Skill Gems,Summon Lightning Golem,,,,,1,3,,,
Skill Gems,Summon Raging Spirit,,,,,1,3,,,
Skill Gems,Tempest Shield,,,,,1,4,,,
Skill Gems,Unearth,,,,,1,3,,,
Skill Gems,Volatile Dead,,,,,1,3,,,
Skill Gems,Vortex,,,,,1,3,,,
Skill Gems,Vulnerability,,,,,1,4,,,
Skill Gems,Wither,,,,,1,3,,,
Skill Gems,Wrath,,,,,1,5,,,
Skill Gems,Vaal Glacial Hammer,,,,,3,6,,,
Skill Gems,Vaal Ground Slam,,,,,3,5,,,
Skill Gems,Vaal Immortal Call,,,,,3,3,,,
Skill Gems,Vaal Molten Shell,,,,,3,3,,,
Skill Gems,Vaal Burning Arrow,,,,,3,5,,,
Skill Gems,Vaal Cyclone,,,,,3,6,,,
Skill Gems,Vaal Detonate Dead,,,,,3,3,,,
Skill Gems,Vaal Double Strike,,,,,3,5,,,
Skill Gems,Vaal Grace,,,,,3,5,,,
Skill Gems,Vaal Haste,,,,,3,4,,,
Skill Gems,Vaal Lightning Strike,,,,,3,6,,,
Skill Gems,Vaal Rain of Arrows,,,,,3,5,,,
Skill Gems,Vaal Reave,,,,,3,6,,,
Skill Gems,Vaal Spectral Throw,,,,,3,5,,,
Skill Gems,Vaal Arc,,,,,3,6,,,
Skill Gems,Vaal Clarity,,,,,3,5,,,
Skill Gems,Vaal Cold Snap,,,,,3,4,,,
Skill Gems,Vaal Discipline,,,,,3,5,,,
Skill Gems,Vaal Fireball,,,,,3,4,,,
Skill Gems,Vaal Flameblast,,,,,3,5,,,
Skill Gems,Vaal Ice Nova,,,,,3,4,,,
Skill Gems,Vaal Lightning Trap,,,,,3,4,,,
Skill Gems,Vaal Lightning Warp,,,,,3,4,,,
Skill Gems,Vaal Power Siphon,,,,,3,3,,,
Skill Gems,Vaal Righteous Fire,,,,,3,5,,,
Skill Gems,Vaal Spark,,,,,3,4,,,
Skill Gems,Vaal Storm Call,,,,,3,3,,,
Skill Gems,Vaal Summon Skeletons,,,,,3,3,,,
Skill Gems,Vaal Breach,,,,,3,3,,,
Skill Gems,Vaal Impurity of Fire,,,,,3,5,,,
Skill Gems,Vaal Impurity of Ice,,,,,3,5,,,
Skill Gems,Vaal Impurity of Lightning,,,,,3,5,,,
Skill Gems,Vaal Blade Vortex,,,,,3,6,,,
Skill Gems,Vaal Earthquake,,,,,3,6,,,
Skill Gems,Vaal Blight,,,,,3,3,,,
Skill Gems,Explosive Trap,,,,,1,4,,,
Skill Gems,Siphoning Trap,,,,,1,3,,,
Skill Gems,Flamethrower Trap,,,,,1,3,,,
Skill Gems,Lightning Spire Trap,,,,,1,4,,,
Skill Gems,Seismic Trap,,,,,1,3,,,
Skill Gems,Herald of Agony,,,,,1,3,,,
Skill Gems,Herald of Purity,,,,,1,3,,,
Skill Gems,Consecrated Path,,,,,1,3,,,
Skill Gems,Smite,,,,,1,6,,,
Skill Gems,Scourge Arrow,,,,,1,4,,,
Skill Gems,Toxic Rain,,,,,1,4,,,
Skill Gems,Summon Holy Relic,,,,,1,3,,,
Skill Gems,Winter Orb,,,,,1,3,,,
Skill Gems,Lancing Steel,,,,,1,5,,,
Skill Gems,Storm Brand,,,,,1,4,,,
Skill Gems,War Banner,,,,,1,3,,,
Skill Gems,Dread Banner,,,,,1,3,,,
Skill Gems,Shattering Steel,,,,,1,5,,,
Skill Gems,Armageddon Brand,,,,,1,4,,,
Skill Gems,Brand Recall,,,,,1,3,,,
Skill Gems,Purifying Flame,,,,,1,4,,,
Skill Gems,Soulrend,,,,,1,4,,,
Skill Gems,Bane,,,,,1,4,,,
Skill Gems,Divine Ire,,,,,1,4,,,
Skill Gems,Wave of Conviction,,,,,1,4,,,
Skill Gems,Zealotry,,,,,1,5,,,
Skill Gems,Malevolence,,,,,1,5,,,
Skill Gems,Steelskin,,,,,1,3,,,
Skill Gems,Dash,,,,,1,4,,,
Skill Gems,Bladestorm,,,,,1,5,,,
Skill Gems,Blood and Sand,,,,,1,5,,,
Skill Gems,Berserk,,,,,1,5,,,
Skill Gems,Chain Hook,,,,,1,4,,,
Skill Gems,Perforate,,,,,1,5,,,
Skill Gems,Frostblink,,,,,1,3,,,
Skill Gems,Precision,,,,,1,4,,,
Skill Gems,Flesh and Stone,,,,,1,3,,,
Skill Gems,Pride,,,,,1,3,,,
Skill Gems,Cobra Lash,,,,,1,3,,,
Skill Gems,Summon Carrion Golem,,,,,1,3,,,
Skill Gems,Withering Step,,,,,1,3,,,
Skill Gems,Plague Bearer,,,,,1,3,,,
Skill Gems,Stormblast Mine,,,,,1,3,,,
Skill Gems,Summon Skitterbots,,,,,1,3,,,
Skill Gems,Pestilent Strike,,,,,1,4,,,
Skill Gems,Venom Gyre,,,,,1,3,,,
Skill Gems,Pyroclast Mine,,,,,1,3,,,
Skill Gems,Icicle Mine,,,,,1,3,,,
Skill Gems,Summon Skeletons,,,,,1,3,,,
Skill Gems,Shrapnel Ballista,,,,,1,3,,,
Skill Gems,Ensnaring Arrow,,,,,1,4,,,
Skill Gems,Artillery Ballista,,,,,1,3,,,
Skill Gems,Stormbind,,,,,1,3,,,
Skill Gems,Spellslinger,,,,,1,3,,,
Skill Gems,Arcane Cloak,,,,,1,3,,,
Skill Gems,Kinetic Bolt,,,,,1,3,,,
Skill Gems,Blade Blast,,,,,1,3,,,
Skill Gems,Creeping Frost,,,,,1,3,,,
Skill Gems,Infernal Cry,,,,,1,3,,,
Skill Gems,Seismic Cry,,,,,1,3,,,
Skill Gems,General's Cry,,,,,1,3,,,
Skill Gems,Intimidating Cry,,,,,1,3,,,
Skill Gems,Ancestral Cry,,,,,1,3,,,
Skill Gems,Penance Brand,,,,,1,3,,,
Skill Gems,Wintertide Brand,,,,,1,3,,,
Skill Gems,Arcanist Brand,,,,,1,3,,,
Skill Gems,Earthshatter,,,,,1,5,,,
Skill Gems,Blazing Salvo,,,,,1,4,,,
Skill Gems,Void Sphere,,,,,1,4,,,
Skill Gems,Crackling Lance,,,,,1,4,,,
Skill Gems,Frost Shield,,,,,1,3,,,
Skill Gems,Splitting Steel,,,,,1,5,,,
Skill Gems,Sigil of Power,,,,,1,4,,,
Skill Gems,Flame Wall,,,,,1,4,,,
Skill Gems,Hexblast,,,,,1,3,,,
Skill Gems,Hydrosphere,,,,,1,3,,,
Skill Gems,Exsanguinate,,,,,1,3,,,
Skill Gems,Corrupting Fever,,,,,1,3,,,
Skill Gems,Reap,,,,,1,3,,,
Skill Gems,Petrified Blood,,,,,1,3,,,
Skill Gems,Defiance Banner,,,,,1,3,,,
Skill Gems,Voltaxic Burst,,,,,1,5,,,
Skill Gems,Rage Vortex,,,,,1,3,,,
Skill Gems,Spectral Helix,,,,,1,3,,,
Skill Gems,Battlemage's Cry,,,,,1,3,,,
Skill Gems,Absolution,,,,,1,5,,,
Skill Gems,Ambush,,,,,1,3,,,
Skill Gems,Forbidden Rite,,,,,1,3,,,
Skill Gems,Manabond,,,,,1,3,,,
Skill Gems,Blade Trap,,,,,1,3,,,
Skill Gems,Shield Crush,,,,,1,5,,,
Skill Gems,Boneshatter,,,,,1,3,,,
Skill Gems,Summon Reaper,,,,,1,3,,,
Skill Gems,Explosive Concoction,,,,,1,3,,,
Skill Gems,Eye of Winter,,,,,1,3,,,
Skill Gems,Storm Rain,,,,,1,3,,,
Skill Gems,Poisonous Concoction,,,,,1,3,,,
Skill Gems,Temporal Rift,,,,,1,3,,,
Skill Gems,Tornado,,,,,1,4,,,
Skill Gems,Energy Blade,,,,,1,3,,,
Skill Gems,Soul Link,,,,,1,3,,,
Skill Gems,Flame Link,,,,,1,3,,,
Skill Gems,Vampiric Link,,,,,1,3,,,
Skill Gems,Protective Link,,,,,1,3,,,
Skill Gems,Intuitive Link,,,,,1,3,,,
Skill Gems,Destructive Link,,,,,1,3,,,
Skill Gems,Lightning Conduit,,,,,1,3,,,
Skill Gems,Galvanic Field,,,,,1,3,,,
Skill Gems,Alchemist's Mark,,,,,1,3,,,
Skill Gems,Frozen Legion,,,,,1,3,,,
Skill Gems,Volcanic Fissure,,,,,1,3,,,
Skill Gems,Vaal Volcanic Fissure,,,,,3,3,,,
Skill Gems,Vaal Cleave,,,,,3,6,,,
Skill Gems,Vaal Flicker Strike,,,,,3,4,,,
Skill Gems,Vaal Blade Flurry,,,,,3,5,,,
Skill Gems,Vaal Venom Gyre,,,,,3,3,,,
Skill Gems,Vaal Molten Strike,,,,,3,5,,,
Skill Gems,Vaal Caustic Arrow,,,,,3,4,,,
Skill Gems,Vaal Smite,,,,,3,6,,,
Skill Gems,Vaal Firestorm,,,,,3,5,,,
Skill Gems,Vaal Arctic Armour,,,,,3,3,,,
Skill Gems,Vaal Ice Shot,,,,,3,5,,,
Skill Gems,Vaal Absolution,,,,,3,5,,,
Skill Gems,Vaal Domination,,,,,3,3,,,
Skill Gems,Vaal Lightning Arrow,,,,,3,5,,,
Skill Gems,Vaal Animate Weapon,,,,,3,3,,,
Skill Gems,Vaal Reap,,,,,3,3,,,
Skill Gems,Vaal Rejuvenation Totem,,,,,3,3,,,
Skill Gems,Snipe,,,,,1,4,,,
Skill Gems,Autoexertion,,,,,1,3,,,
Skill Gems,Automation,,,,,1,3,,,
Skill Gems,Eviscerate,,,,,1,5,,,
Skill Gems,Divine Retribution,,,,,1,4,,,
Skill Gems,Vengeful Cry,,,,,1,3,,,
Skill Gems,Volley Support,,,,,1,5,,,
Skill Gems,Spell Cascade Support,,,,,1,5,,,
Skill Gems,Ancestral Call Support,,,,,1,4,,,
Skill Gems,Mirage Archer Support,,,,,1,4,,,
Skill Gems,Added Fire Damage Support,,,,,1,5,,,
Skill Gems,Bloodlust Support,,,,,1,4,,,
Skill Gems,Cast on Melee Kill Support,,,,,1,4,,,
Skill Gems,Cast when Damage Taken Support,,,,,1,4,,,
Skill Gems,Chance to Bleed Support,,,,,1,5,,,
Skill Gems,Cold to Fire Support,,,,,1,5,,,
Skill Gems,Deadly Ailments Support,,,,,1,5,,,
Skill Gems,Decay Support,,,,,1,5,,,
Skill Gems,Efficacy Support,,,,,1,5,,,
Skill Gems,Vile Toxins Support,,,,,1,5,,,
Skill Gems,Maim Support,,,,,1,6,,,
Skill Gems,Immolate Support,,,,,1,4,,,
Skill Gems,Unbound Ailments Support,,,,,1,5,,,
Skill Gems,Brutality Support,,,,,1,6,,,
Skill Gems,Ruthless Support,,,,,1,6,,,
Skill Gems,Arcane Surge Support,,,,,1,5,,,
Skill Gems,Empower Support,,,,,1,5,,,
Skill Gems,Endurance Charge on Melee Stun Support,,,,,1,5,,,
Skill Gems,Fire Penetration Support,,,,,1,5,,,
Skill Gems,Fortify Support,,,,,1,5,,,
Skill Gems,Generosity Support,,,,,1,2,,,
Skill Gems,Ignite Proliferation Support,,,,,1,5,,,
Skill Gems,Burning Damage Support,,,,,1,5,,,
Skill Gems,More Duration Support,,,,,1,3,,,
Skill Gems,Iron Grip Support,,,,,1,2,,,
Skill Gems,Iron Will Support,,,,,1,3,,,
Skill Gems,Item Quantity Support,,,,,1,2,,,
Skill Gems,Knockback Support,,,,,1,3,,,
Skill Gems,Less Duration Support,,,,,1,3,,,
Skill Gems,Chance to Poison Support,,,,,1,5,,,
Skill Gems,Life Gain on Hit Support,,,,,1,5,,,
Skill Gems,Life Leech Support,,,,,1,5,,,
Skill Gems,Damage on Full Life Support,,,,,1,4,,,
Skill Gems,Melee Physical Damage Support,,,,,1,6,,,
Skill Gems,Melee Splash Support,,,,,1,6,,,
Skill Gems,Multistrike Support,,,,,1,6,,,
Skill Gems,Spell Totem Support,,,,,1,3,,,
Skill Gems,Stun Support,,,,,1,5,,,
Skill Gems,Elemental Damage with Attacks Support,,,,,1,5,,,
Skill Gems,Added Cold Damage Support,,,,,1,5,,,
Skill Gems,Additional Accuracy Support,,,,,1,3,,,
Skill Gems,Blind Support,,,,,1,3,,,
Skill Gems,Block Chance Reduction Support,,,,,1,3,,,
Skill Gems,Cast On Critical Strike Support,,,,,1,4,,,
Skill Gems,Cast on Death Support,,,,,1,3,,,
Skill Gems,Chain Support,,,,,1,5,,,
Skill Gems,Chance to Flee Support,,,,,1,2,,,
Skill Gems,Cluster Traps Support,,,,,1,3,,,
Skill Gems,Cold Penetration Support,,,,,1,5,,,
Skill Gems,Culling Strike Support,,,,,1,4,,,
Skill Gems,Enhance Support,,,,,1,4,,,
Skill Gems,Faster Attacks Support,,,,,1,6,,,
Skill Gems,Faster Projectiles Support,,,,,1,6,,,
Skill Gems,Fork Support,,,,,1,5,,,
Skill Gems,Greater Multiple Projectiles Support,,,,,1,5,,,
Skill Gems,Hypothermia Support,,,,,1,4,,,
Skill Gems,Ice Bite Support,,,,,1,4,,,
Skill Gems,Lesser Multiple Projectiles Support,,,,,1,4,,,
Skill Gems,Mana Leech Support,,,,,1,5,,,
Skill Gems,Multiple Traps Support,,,,,1,3,,,
Skill Gems,Vicious Projectiles Support,,,,,1,5,,,
Skill Gems,Pierce Support,,,,,1,5,,,
Skill Gems,Point Blank Support,,,,,1,5,,,
Skill Gems,Critical Strike Affliction Support,,,,,1,4,,,
Skill Gems,Swift Affliction Support,,,,,1,4,,,
Skill Gems,Slower Projectiles Support,,,,,1,3,,,
Skill Gems,Advanced Traps Support,,,,,1,3,,,
Skill Gems,Trap Support,,,,,1,3,,,
Skill Gems,Trap and Mine Damage Support,,,,,1,3,,,
Skill Gems,Void Manipulation Support,,,,,1,4,,,
Skill Gems,Added Chaos Damage Support,,,,,1,5,,,
Skill Gems,Added Lightning Damage Support,,,,,1,5,,,
Skill Gems,Blasphemy Support,,,,,1,5,,,
Skill Gems,Cast when Stunned Support,,,,,1,4,,,
Skill Gems,Cast while Channelling Support,,,,,1,4,,,
Skill Gems,Combustion Support,,,,,1,4,,,
Skill Gems,Concentrated Effect Support,,,,,1,6,,,
Skill Gems,Controlled Destruction Support,,,,,1,5,,,
Skill Gems,Hextouch Support,,,,,1,4,,,
Skill Gems,Elemental Focus Support,,,,,1,5,,,
Skill Gems,Elemental Proliferation Support,,,,,1,5,,,
Skill Gems,Enlighten Support,,,,,1,4,,,
Skill Gems,Faster Casting Support,,,,,1,5,,,
Skill Gems,Increased Area of Effect Support,,,,,1,6,,,
Skill Gems,Increased Critical Damage Support,,,,,1,6,,,
Skill Gems,Increased Critical Strikes Support,,,,,1,6,,,
Skill Gems,Innervate Support,,,,,1,4,,,
Skill Gems,Item Rarity Support,,,,,1,2,,,
Skill Gems,Lightning Penetration Support,,,,,1,5,,,
Skill Gems,Minefield Support,,,,,1,3,,,
Skill Gems,Minion Damage Support,,,,,1,3,,,
Skill Gems,Minion Life Support,,,,,1,3,,,
Skill Gems,Minion Speed Support,,,,,1,3,,,
Skill Gems,Physical to Lightning Support,,,,,1,5,,,
Skill Gems,Power Charge On Critical Support,,,,,1,4,,,
Skill Gems,Spell Echo Support,,,,,1,5,,,
Skill Gems,Summon Phantasm Support,,,,,1,3,,,
Skill Gems,Charged Traps Support,,,,,1,3,,,
Skill Gems,Withering Touch Support,,,,,1,4,,,
Skill Gems,Multiple Totems Support,,,,,1,3,,,
Skill Gems,Bonechill Support,,,,,1,4,,,
Skill Gems,Energy Leech Support,,,,,1,5,,,
Skill Gems,Intensify Support,,,,,1,4,,,
Skill Gems,Infused Channelling Support,,,,,1,3,,,
Skill Gems,Unleash Support,,,,,1,4,,,
Skill Gems,Impale Support,,,,,1,6,,,
Skill Gems,Close Combat Support,,,,,1,5,,,
Skill Gems,Shockwave Support,,,,,1,5,,,
Skill Gems,Pulverise Support,,,,,1,6,,,
Skill Gems,Rage Support,,,,,1,4,,,
Skill Gems,Feeding Frenzy Support,,,,,1,4,,,
Skill Gems,Predator Support,,,,,1,4,,,
Skill Gems,Nightblade Support,,,,,1,3,,,
Skill Gems,Meat Shield Support,,,,,1,5,,,
Skill Gems,High-Impact Mine Support,,,,,1,3,,,
Skill Gems,Swift Assembly Support,,,,,1,3,,,
Skill Gems,Charged Mines Support,,,,,1,3,,,
Skill Gems,Infernal Legion Support,,,,,1,4,,,
Skill Gems,Elemental Army Support,,,,,1,3,,,
Skill Gems,Blastchain Mine Support,,,,,1,5,,,
Skill Gems,Inspiration Support,,,,,1,4,,,
Skill Gems,Greater Volley Support,,,,,1,5,,,
Skill Gems,Ballista Totem Support,,,,,1,3,,,
Skill Gems,Arrow Nova Support,,,,,1,5,,,
Skill Gems,Barrage Support,,,,,1,5,,,
Skill Gems,Archmage Support,,,,,1,4,,,
Skill Gems,Second Wind Support,,,,,1,3,,,
Skill Gems,Fist of War Support,,,,,1,4,,,
Skill Gems,Urgent Orders Support,,,,,1,4,,,
Skill Gems,Swiftbrand Support,,,,,1,4,,,
Skill Gems,Elemental Penetration Support,,,,,1,5,,,
Skill Gems,Pinpoint Support,,,,,1,4,,,
Skill Gems,Impending Doom Support,,,,,1,4,,,
Skill Gems,Trinity Support,,,,,1,3,,,
Skill Gems,Arrogance Support,,,,,1,3,,,
Skill Gems,Bloodthirst Support,,,,,1,4,,,
Skill Gems,Cruelty Support,,,,,1,3,,,
Skill Gems,Lifetap Support,,,,,1,3,,,
Skill Gems,Focused Ballista Support,,,,,1,3,,,
Skill Gems,Behead Support,,,,,1,3,,,
Skill Gems,Mark On Hit Support,,,,,1,4,,,
Skill Gems,Eternal Blessing Support,,,,,1,3,,,
Skill Gems,Overcharge Support,,,,,1,4,,,
Skill Gems,Hex Bloom Support,,,,,1,3,,,
Skill Gems,Cursed Ground Support,,,,,1,3,,,
Skill Gems,Momentum Support,,,,,1,4,,,
Skill Gems,Manaforged Arrows Support,,,,,1,3,,,
Skill Gems,Prismatic Burst Support,,,,,1,4,,,
Skill Gems,Trauma Support,,,,,1,3,,,
Skill Gems,Devour Support,,,,,1,3,,,
Skill Gems,Sadism Support,,,,,1,3,,,
Skill Gems,Flamewood Support,,,,,1,3,,,
Skill Gems,Sacrifice Support,,,,,1,3,,,
Skill Gems,Spellblade Support,,,,,1,3,,,
Skill Gems,Fresh Meat Support,,,,,1,3,,,
Skill Gems,Locus Mine Support,,,,,1,3,,,
Skill Gems,Volatility Support,,,,,1,3,,,
Skill Gems,Frigid Bond Support,,,,,1,3,,,
Skill Gems,Returning Projectiles Support,,,,,1,4,,,
Skill Gems,Corrupting Cry Support,,,,,1,4,,,
Skill Gems,Controlled Blaze Support,,,,,1,4,,,
Skill Gems,Guardian's Blessing Support,,,,,1,3,,,
Skill Gems,Sacred Wisps Support,,,,,1,3,,,
Skill Gems,Overexertion Support,,,,,1,4,,,
Skill Gems,Expert Retaliation Support,,,,,1,4,,,
Skill Gems,Rupture Support,,,,,1,4,,,
